date,platform,audience
2026-04-04,spotify,11800
2026-04-04,youtube,8400
2026-04-04,twitch,3100
2026-04-04,kick,850
2026-04-04,tiktok,14500
2026-04-05,spotify,11803
2026-04-05,youtube,8406
2026-04-05,twitch,3101
2026-04-05,kick,856
2026-04-05,tiktok,14518
2026-04-06,spotify,11837
2026-04-06,youtube,8412
2026-04-06,twitch,3106
2026-04-06,kick,862
2026-04-06,tiktok,14534
2026-04-07,spotify,11820
2026-04-07,youtube,8416
2026-04-07,twitch,3112
2026-04-07,kick,862
2026-04-07,tiktok,14558
2026-04-08,spotify,11836
2026-04-08,youtube,8428
2026-04-08,twitch,3117
2026-04-08,kick,863
2026-04-08,tiktok,14568
2026-04-09,spotify,11849
2026-04-09,youtube,8436
2026-04-09,twitch,3122
2026-04-09,kick,865
2026-04-09,tiktok,14570
2026-04-10,spotify,11871
2026-04-10,youtube,8450
2026-04-10,twitch,3128
2026-04-10,kick,867
2026-04-10,tiktok,14591
2026-04-11,spotify,11927
2026-04-11,youtube,8451
2026-04-11,twitch,3133
2026-04-11,kick,868
2026-04-11,tiktok,14589
2026-04-12,spotify,11931
2026-04-12,youtube,8465
2026-04-12,twitch,3136
2026-04-12,kick,870
2026-04-12,tiktok,14600
2026-04-13,spotify,11947
2026-04-13,youtube,8472
2026-04-13,twitch,3137
2026-04-13,kick,873
2026-04-13,tiktok,14616
2026-04-14,spotify,11948
2026-04-14,youtube,8485
2026-04-14,twitch,3141
2026-04-14,kick,877
2026-04-14,tiktok,14634
2026-04-15,spotify,11975
2026-04-15,youtube,8495
2026-04-15,twitch,3138
2026-04-15,kick,879
2026-04-15,tiktok,14643
2026-04-16,spotify,11977
2026-04-16,youtube,8504
2026-04-16,twitch,3142
2026-04-16,kick,881
2026-04-16,tiktok,14651
2026-04-17,spotify,11930
2026-04-17,youtube,8507
2026-04-17,twitch,3145
2026-04-17,kick,883
2026-04-17,tiktok,14649
2026-04-18,spotify,11970
2026-04-18,youtube,8510
2026-04-18,twitch,3152
2026-04-18,kick,888
2026-04-18,tiktok,14654
2026-04-19,spotify,11971
2026-04-19,youtube,8520
2026-04-19,twitch,3157
2026-04-19,kick,893
2026-04-19,tiktok,14671
2026-04-20,spotify,12037
2026-04-20,youtube,8532
2026-04-20,twitch,3157
2026-04-20,kick,894
2026-04-20,tiktok,14689
2026-04-21,spotify,12058
2026-04-21,youtube,8542
2026-04-21,twitch,3161
2026-04-21,kick,898
2026-04-21,tiktok,14710
2026-04-22,spotify,12123
2026-04-22,youtube,8551
2026-04-22,twitch,3165
2026-04-22,kick,898
2026-04-22,tiktok,14723
2026-04-23,spotify,12212
2026-04-23,youtube,8559
2026-04-23,twitch,3163
2026-04-23,kick,899
2026-04-23,tiktok,14752
2026-04-24,spotify,12221
2026-04-24,youtube,8566
2026-04-24,twitch,3163
2026-04-24,kick,901
2026-04-24,tiktok,14757
2026-04-25,spotify,12213
2026-04-25,youtube,8570
2026-04-25,twitch,3175
2026-04-25,kick,904
2026-04-25,tiktok,14770
2026-04-26,spotify,12198
2026-04-26,youtube,8569
2026-04-26,twitch,3175
2026-04-26,kick,905
2026-04-26,tiktok,14788
2026-04-27,spotify,12132
2026-04-27,youtube,8581
2026-04-27,twitch,3181
2026-04-27,kick,907
2026-04-27,tiktok,14794
2026-04-28,spotify,12113
2026-04-28,youtube,8587
2026-04-28,twitch,3182
2026-04-28,kick,912
2026-04-28,tiktok,14799
2026-04-29,spotify,12083
2026-04-29,youtube,8596
2026-04-29,twitch,3181
2026-04-29,kick,914
2026-04-29,tiktok,14801
2026-04-30,spotify,12091
2026-04-30,youtube,8599
2026-04-30,twitch,3184
2026-04-30,kick,916
2026-04-30,tiktok,14818
2026-05-01,spotify,12113
2026-05-01,youtube,8601
2026-05-01,twitch,3183
2026-05-01,kick,918
2026-05-01,tiktok,14831
2026-05-02,spotify,12190
2026-05-02,youtube,8605
2026-05-02,twitch,3187
2026-05-02,kick,922
2026-05-02,tiktok,14841
2026-05-03,spotify,12159
2026-05-03,youtube,8610
2026-05-03,twitch,3188
2026-05-03,kick,922
2026-05-03,tiktok,14853
2026-05-04,spotify,12164
2026-05-04,youtube,8622
2026-05-04,twitch,3189
2026-05-04,kick,927
2026-05-04,tiktok,14862
2026-05-05,spotify,12227
2026-05-05,youtube,8618
2026-05-05,twitch,3198
2026-05-05,kick,927
2026-05-05,tiktok,14880
2026-05-06,spotify,12280
2026-05-06,youtube,8620
2026-05-06,twitch,3210
2026-05-06,kick,931
2026-05-06,tiktok,14900
2026-05-07,spotify,12337
2026-05-07,youtube,8623
2026-05-07,twitch,3210
2026-05-07,kick,933
2026-05-07,tiktok,14909
2026-05-08,spotify,12404
2026-05-08,youtube,8633
2026-05-08,twitch,3213
2026-05-08,kick,939
2026-05-08,tiktok,14922
2026-05-09,spotify,12403
2026-05-09,youtube,8638
2026-05-09,twitch,3216
2026-05-09,kick,941
2026-05-09,tiktok,14936
2026-05-10,spotify,12464
2026-05-10,youtube,8650
2026-05-10,twitch,3214
2026-05-10,kick,945
2026-05-10,tiktok,14947
2026-05-11,spotify,12545
2026-05-11,youtube,8659
2026-05-11,twitch,3210
2026-05-11,kick,947
2026-05-11,tiktok,14963
2026-05-12,spotify,12609
2026-05-12,youtube,8674
2026-05-12,twitch,3213
2026-05-12,kick,950
2026-05-12,tiktok,14972
2026-05-13,spotify,12651
2026-05-13,youtube,8680
2026-05-13,twitch,3215
2026-05-13,kick,953
2026-05-13,tiktok,14969
2026-05-14,spotify,12761
2026-05-14,youtube,8692
2026-05-14,twitch,3214
2026-05-14,kick,957
2026-05-14,tiktok,15506
2026-05-15,spotify,12757
2026-05-15,youtube,8693
2026-05-15,twitch,3212
2026-05-15,kick,960
2026-05-15,tiktok,15946
2026-05-16,spotify,12849
2026-05-16,youtube,8701
2026-05-16,twitch,3215
2026-05-16,kick,962
2026-05-16,tiktok,16281
2026-05-17,spotify,12945
2026-05-17,youtube,8708
2026-05-17,twitch,3218
2026-05-17,kick,965
2026-05-17,tiktok,16549
2026-05-18,spotify,13051
2026-05-18,youtube,8713
2026-05-18,twitch,3222
2026-05-18,kick,968
2026-05-18,tiktok,16769
2026-05-19,spotify,13068
2026-05-19,youtube,8719
2026-05-19,twitch,3230
2026-05-19,kick,969
2026-05-19,tiktok,16967
2026-05-20,spotify,13045
2026-05-20,youtube,8732
2026-05-20,twitch,3233
2026-05-20,kick,970
2026-05-20,tiktok,17123
2026-05-21,spotify,13075
2026-05-21,youtube,8740
2026-05-21,twitch,3234
2026-05-21,kick,972
2026-05-21,tiktok,17254
2026-05-22,spotify,13086
2026-05-22,youtube,8749
2026-05-22,twitch,3240
2026-05-22,kick,970
2026-05-22,tiktok,17347
2026-05-23,spotify,13070
2026-05-23,youtube,8752
2026-05-23,twitch,3244
2026-05-23,kick,973
2026-05-23,tiktok,17426
2026-05-24,spotify,13120
2026-05-24,youtube,8753
2026-05-24,twitch,3250
2026-05-24,kick,975
2026-05-24,tiktok,17477
2026-05-25,spotify,13090
2026-05-25,youtube,8762
2026-05-25,twitch,3254
2026-05-25,kick,976
2026-05-25,tiktok,17531
2026-05-26,spotify,13079
2026-05-26,youtube,8758
2026-05-26,twitch,3256
2026-05-26,kick,979
2026-05-26,tiktok,17579
2026-05-27,spotify,13120
2026-05-27,youtube,8762
2026-05-27,twitch,3255
2026-05-27,kick,981
2026-05-27,tiktok,17613
2026-05-28,spotify,13112
2026-05-28,youtube,8765
2026-05-28,twitch,3255
2026-05-28,kick,983
2026-05-28,tiktok,17637
2026-05-29,spotify,13160
2026-05-29,youtube,8772
2026-05-29,twitch,3260
2026-05-29,kick,986
2026-05-29,tiktok,17680
2026-05-30,spotify,13174
2026-05-30,youtube,8786
2026-05-30,twitch,3263
2026-05-30,kick,988
2026-05-30,tiktok,17696
2026-05-31,spotify,13208
2026-05-31,youtube,8796
2026-05-31,twitch,3272
2026-05-31,kick,989
2026-05-31,tiktok,17719
2026-06-01,spotify,13224
2026-06-01,youtube,8798
2026-06-01,twitch,3272
2026-06-01,kick,992
2026-06-01,tiktok,17736
2026-06-02,spotify,13167
2026-06-02,youtube,8809
2026-06-02,twitch,3278
2026-06-02,kick,995
2026-06-02,tiktok,17754
2026-06-03,spotify,13246
2026-06-03,youtube,8813
2026-06-03,twitch,3280
2026-06-03,kick,997
2026-06-03,tiktok,17776
2026-06-04,spotify,13299
2026-06-04,youtube,8813
2026-06-04,twitch,3285
2026-06-04,kick,998
2026-06-04,tiktok,17795
2026-06-05,spotify,13302
2026-06-05,youtube,8820
2026-06-05,twitch,3289
2026-06-05,kick,997
2026-06-05,tiktok,17815
2026-06-06,spotify,13307
2026-06-06,youtube,8825
2026-06-06,twitch,3287
2026-06-06,kick,1000
2026-06-06,tiktok,17824
2026-06-07,spotify,13253
2026-06-07,youtube,8833
2026-06-07,twitch,3289
2026-06-07,kick,1003
2026-06-07,tiktok,17828
2026-06-08,spotify,13238
2026-06-08,youtube,8845
2026-06-08,twitch,3298
2026-06-08,kick,1007
2026-06-08,tiktok,17847
2026-06-09,spotify,13256
2026-06-09,youtube,8849
2026-06-09,twitch,3302
2026-06-09,kick,1008
2026-06-09,tiktok,17870
2026-06-10,spotify,13250
2026-06-10,youtube,8855
2026-06-10,twitch,3303
2026-06-10,kick,1013
2026-06-10,tiktok,17885
2026-06-11,spotify,13319
2026-06-11,youtube,8859
2026-06-11,twitch,3309
2026-06-11,kick,1019
2026-06-11,tiktok,17897
2026-06-12,spotify,13328
2026-06-12,youtube,8865
2026-06-12,twitch,3313
2026-06-12,kick,1021
2026-06-12,tiktok,17903
2026-06-13,spotify,13286
2026-06-13,youtube,8872
2026-06-13,twitch,3314
2026-06-13,kick,1023
2026-06-13,tiktok,17922
2026-06-14,spotify,13247
2026-06-14,youtube,8884
2026-06-14,twitch,3320
2026-06-14,kick,1025
2026-06-14,tiktok,17944
2026-06-15,spotify,13276
2026-06-15,youtube,8887
2026-06-15,twitch,3320
2026-06-15,kick,1025
2026-06-15,tiktok,17956
2026-06-16,spotify,13333
2026-06-16,youtube,8895
2026-06-16,twitch,3324
2026-06-16,kick,1025
2026-06-16,tiktok,17980
2026-06-17,spotify,13266
2026-06-17,youtube,8911
2026-06-17,twitch,3329
2026-06-17,kick,1028
2026-06-17,tiktok,17993
2026-06-18,spotify,13264
2026-06-18,youtube,8921
2026-06-18,twitch,3331
2026-06-18,kick,1030
2026-06-18,tiktok,18014
2026-06-19,spotify,13255
2026-06-19,youtube,8935
2026-06-19,twitch,3338
2026-06-19,kick,1033
2026-06-19,tiktok,18031
2026-06-20,spotify,13242
2026-06-20,youtube,8942
2026-06-20,twitch,3341
2026-06-20,kick,1035
2026-06-20,tiktok,18055
2026-06-21,spotify,13265
2026-06-21,youtube,8943
2026-06-21,twitch,3343
2026-06-21,kick,1036
2026-06-21,tiktok,18075
2026-06-22,spotify,13293
2026-06-22,youtube,8949
2026-06-22,twitch,3341
2026-06-22,kick,1040
2026-06-22,tiktok,18087
2026-06-23,spotify,13309
2026-06-23,youtube,8956
2026-06-23,twitch,3346
2026-06-23,kick,1043
2026-06-23,tiktok,18118
2026-06-24,spotify,13374
2026-06-24,youtube,8965
2026-06-24,twitch,3344
2026-06-24,kick,1045
2026-06-24,tiktok,18133
2026-06-25,spotify,13389
2026-06-25,youtube,8968
2026-06-25,twitch,3348
2026-06-25,kick,1046
2026-06-25,tiktok,18158
2026-06-26,spotify,13407
2026-06-26,youtube,8972
2026-06-26,twitch,3354
2026-06-26,kick,1047
2026-06-26,tiktok,18178
2026-06-27,spotify,13390
2026-06-27,youtube,8974
2026-06-27,twitch,3350
2026-06-27,kick,1050
2026-06-27,tiktok,18199
2026-06-28,spotify,13469
2026-06-28,youtube,8983
2026-06-28,twitch,3353
2026-06-28,kick,1052
2026-06-28,tiktok,18221
2026-06-29,spotify,13555
2026-06-29,youtube,8992
2026-06-29,twitch,3357
2026-06-29,kick,1056
2026-06-29,tiktok,18231
2026-06-30,spotify,13513
2026-06-30,youtube,9002
2026-06-30,twitch,3355
2026-06-30,kick,1057
2026-06-30,tiktok,18226
2026-07-01,spotify,13522
2026-07-01,youtube,9007
2026-07-01,twitch,3354
2026-07-01,kick,1059
2026-07-01,tiktok,18237
2026-07-02,spotify,13545
2026-07-02,youtube,9018
2026-07-02,twitch,3355
2026-07-02,kick,1062
2026-07-02,tiktok,18262
2026-07-03,spotify,13519
2026-07-03,youtube,9022
2026-07-03,twitch,3355
2026-07-03,kick,1063
2026-07-03,tiktok,18295
2026-07-04,spotify,13497
2026-07-04,youtube,9021
2026-07-04,twitch,3355
2026-07-04,kick,1065
2026-07-04,tiktok,18308
2026-07-05,spotify,13555
2026-07-05,youtube,9026
2026-07-05,twitch,3367
2026-07-05,kick,1066
2026-07-05,tiktok,18328
2026-07-06,spotify,13652
2026-07-06,youtube,9031
2026-07-06,twitch,3370
2026-07-06,kick,1069
2026-07-06,tiktok,18332
2026-07-07,spotify,13678
2026-07-07,youtube,9040
2026-07-07,twitch,3371
2026-07-07,kick,1071
2026-07-07,tiktok,18331
2026-07-08,spotify,13697
2026-07-08,youtube,9045
2026-07-08,twitch,3370
2026-07-08,kick,1142
2026-07-08,tiktok,18338
2026-07-09,spotify,13751
2026-07-09,youtube,9054
2026-07-09,twitch,3367
2026-07-09,kick,1198
2026-07-09,tiktok,18356
2026-07-10,spotify,13779
2026-07-10,youtube,9052
2026-07-10,twitch,3372
2026-07-10,kick,1243
2026-07-10,tiktok,18368
2026-07-11,spotify,13770
2026-07-11,youtube,9061
2026-07-11,twitch,3371
2026-07-11,kick,1280
2026-07-11,tiktok,18371
2026-07-12,spotify,13833
2026-07-12,youtube,9064
2026-07-12,twitch,3374
2026-07-12,kick,1310
2026-07-12,tiktok,18387
2026-07-13,spotify,13852
2026-07-13,youtube,9067
2026-07-13,twitch,3377
2026-07-13,kick,1334
2026-07-13,tiktok,18393
2026-07-14,spotify,13835
2026-07-14,youtube,9077
2026-07-14,twitch,3384
2026-07-14,kick,1356
2026-07-14,tiktok,18391
2026-07-15,spotify,13908
2026-07-15,youtube,9084
2026-07-15,twitch,3392
2026-07-15,kick,1375
2026-07-15,tiktok,18414
2026-07-16,spotify,13912
2026-07-16,youtube,9086
2026-07-16,twitch,3394
2026-07-16,kick,1386
2026-07-16,tiktok,18434
2026-07-17,spotify,13895
2026-07-17,youtube,9089
2026-07-17,twitch,3398
2026-07-17,kick,1400
2026-07-17,tiktok,18450
2026-07-18,spotify,13900
2026-07-18,youtube,9089
2026-07-18,twitch,3401
2026-07-18,kick,1410
2026-07-18,tiktok,18468
2026-07-19,spotify,13955
2026-07-19,youtube,9095
2026-07-19,twitch,3404
2026-07-19,kick,1417
2026-07-19,tiktok,18484
2026-07-20,spotify,14001
2026-07-20,youtube,9094
2026-07-20,twitch,3408
2026-07-20,kick,1425
2026-07-20,tiktok,18503
2026-07-21,spotify,14069
2026-07-21,youtube,9106
2026-07-21,twitch,3414
2026-07-21,kick,1430
2026-07-21,tiktok,18517
2026-07-22,spotify,14135
2026-07-22,youtube,9109
2026-07-22,twitch,3418
2026-07-22,kick,1433
2026-07-22,tiktok,18529
2026-07-23,spotify,14134
2026-07-23,youtube,9111
2026-07-23,twitch,3424
2026-07-23,kick,1435
2026-07-23,tiktok,18557
2026-07-24,spotify,14201
2026-07-24,youtube,9120
2026-07-24,twitch,3431
2026-07-24,kick,1438
2026-07-24,tiktok,18586
2026-07-25,spotify,14231
2026-07-25,youtube,9126
2026-07-25,twitch,3437
2026-07-25,kick,1440
2026-07-25,tiktok,18597
2026-07-26,spotify,14924
2026-07-26,youtube,9126
2026-07-26,twitch,3443
2026-07-26,kick,1443
2026-07-26,tiktok,18671
2026-07-27,spotify,15426
2026-07-27,youtube,9136
2026-07-27,twitch,3447
2026-07-27,kick,1448
2026-07-27,tiktok,18738
2026-07-28,spotify,15879
2026-07-28,youtube,9142
2026-07-28,twitch,3450
2026-07-28,kick,1450
2026-07-28,tiktok,18795
2026-07-29,spotify,16191
2026-07-29,youtube,9141
2026-07-29,twitch,3453
2026-07-29,kick,1453
2026-07-29,tiktok,18843
2026-07-30,spotify,16408
2026-07-30,youtube,9151
2026-07-30,twitch,3460
2026-07-30,kick,1456
2026-07-30,tiktok,18890
2026-07-31,spotify,16602
2026-07-31,youtube,9158
2026-07-31,twitch,3458
2026-07-31,kick,1460
2026-07-31,tiktok,18923
2026-08-01,spotify,16711
2026-08-01,youtube,9164
2026-08-01,twitch,3461
2026-08-01,kick,1463
2026-08-01,tiktok,18966
2026-08-02,spotify,16873
2026-08-02,youtube,9171
2026-08-02,twitch,3466
2026-08-02,kick,1466
2026-08-02,tiktok,18983
2026-08-03,spotify,16936
2026-08-03,youtube,9177
2026-08-03,twitch,3469
2026-08-03,kick,1469
2026-08-03,tiktok,19020
2026-08-04,spotify,17037
2026-08-04,youtube,9177
2026-08-04,twitch,3476
2026-08-04,kick,1472
2026-08-04,tiktok,19036
2026-08-05,spotify,17189
2026-08-05,youtube,9192
2026-08-05,twitch,3479
2026-08-05,kick,1476
2026-08-05,tiktok,19041
2026-08-06,spotify,17288
2026-08-06,youtube,9206
2026-08-06,twitch,3481
2026-08-06,kick,1478
2026-08-06,tiktok,19060
2026-08-07,spotify,17308
2026-08-07,youtube,9210
2026-08-07,twitch,3483
2026-08-07,kick,1481
2026-08-07,tiktok,19079
2026-08-08,spotify,17343
2026-08-08,youtube,9209
2026-08-08,twitch,3484
2026-08-08,kick,1484
2026-08-08,tiktok,19079
2026-08-09,spotify,17397
2026-08-09,youtube,9215
2026-08-09,twitch,3485
2026-08-09,kick,1487
2026-08-09,tiktok,19088
2026-08-10,spotify,17449
2026-08-10,youtube,9398
2026-08-10,twitch,3488
2026-08-10,kick,1488
2026-08-10,tiktok,19117
2026-08-11,spotify,17574
2026-08-11,youtube,9550
2026-08-11,twitch,3492
2026-08-11,kick,1491
2026-08-11,tiktok,19150
2026-08-12,spotify,17592
2026-08-12,youtube,9679
2026-08-12,twitch,3491
2026-08-12,kick,1492
2026-08-12,tiktok,19149
2026-08-13,spotify,17546
2026-08-13,youtube,9773
2026-08-13,twitch,3498
2026-08-13,kick,1494
2026-08-13,tiktok,19165
2026-08-14,spotify,17617
2026-08-14,youtube,9849
2026-08-14,twitch,3501
2026-08-14,kick,1495
2026-08-14,tiktok,19174
2026-08-15,spotify,17613
2026-08-15,youtube,9910
2026-08-15,twitch,3501
2026-08-15,kick,1495
2026-08-15,tiktok,19177
2026-08-16,spotify,17646
2026-08-16,youtube,9965
2026-08-16,twitch,3505
2026-08-16,kick,1497
2026-08-16,tiktok,19198
2026-08-17,spotify,17661
2026-08-17,youtube,10003
2026-08-17,twitch,3506
2026-08-17,kick,1500
2026-08-17,tiktok,19227
2026-08-18,spotify,17714
2026-08-18,youtube,10036
2026-08-18,twitch,3514
2026-08-18,kick,1503
2026-08-18,tiktok,19260
2026-08-19,spotify,17730
2026-08-19,youtube,10071
2026-08-19,twitch,3520
2026-08-19,kick,1505
2026-08-19,tiktok,19283
2026-08-20,spotify,17789
2026-08-20,youtube,10095
2026-08-20,twitch,3525
2026-08-20,kick,1511
2026-08-20,tiktok,19294
2026-08-21,spotify,17810
2026-08-21,youtube,10117
2026-08-21,twitch,3532
2026-08-21,kick,1513
2026-08-21,tiktok,19308
2026-08-22,spotify,17777
2026-08-22,youtube,10137
2026-08-22,twitch,3532
2026-08-22,kick,1515
2026-08-22,tiktok,19328
2026-08-23,spotify,17753
2026-08-23,youtube,10150
2026-08-23,twitch,3539
2026-08-23,kick,1515
2026-08-23,tiktok,19340
2026-08-24,spotify,17831
2026-08-24,youtube,10159
2026-08-24,twitch,3545
2026-08-24,kick,1517
2026-08-24,tiktok,19341
2026-08-25,spotify,17845
2026-08-25,youtube,10166
2026-08-25,twitch,3548
2026-08-25,kick,1523
2026-08-25,tiktok,19355
2026-08-26,spotify,17883
2026-08-26,youtube,10181
2026-08-26,twitch,3552
2026-08-26,kick,1524
2026-08-26,tiktok,19372
2026-08-27,spotify,17877
2026-08-27,youtube,10196
2026-08-27,twitch,3554
2026-08-27,kick,1526
2026-08-27,tiktok,19375
2026-08-28,spotify,17975
2026-08-28,youtube,10212
2026-08-28,twitch,3555
2026-08-28,kick,1528
2026-08-28,tiktok,19393
2026-08-29,spotify,17976
2026-08-29,youtube,10222
2026-08-29,twitch,3558
2026-08-29,kick,1531
2026-08-29,tiktok,19413
2026-08-30,spotify,18008
2026-08-30,youtube,10227
2026-08-30,twitch,3558
2026-08-30,kick,1533
2026-08-30,tiktok,19435
2026-08-31,spotify,18051
2026-08-31,youtube,10233
2026-08-31,twitch,3564
2026-08-31,kick,1533
2026-08-31,tiktok,19438
2026-09-01,spotify,18085
2026-09-01,youtube,10242
2026-09-01,twitch,3564
2026-09-01,kick,1535
2026-09-01,tiktok,19455
2026-09-02,spotify,18106
2026-09-02,youtube,10258
2026-09-02,twitch,3699
2026-09-02,kick,1536
2026-09-02,tiktok,19467
2026-09-03,spotify,18075
2026-09-03,youtube,10266
2026-09-03,twitch,3804
2026-09-03,kick,1537
2026-09-03,tiktok,19467
2026-09-04,spotify,18081
2026-09-04,youtube,10269
2026-09-04,twitch,3882
2026-09-04,kick,1538
2026-09-04,tiktok,19481
2026-09-05,spotify,18109
2026-09-05,youtube,10274
2026-09-05,twitch,3957
2026-09-05,kick,1538
2026-09-05,tiktok,19505
2026-09-06,spotify,17996
2026-09-06,youtube,10281
2026-09-06,twitch,4011
2026-09-06,kick,1540
2026-09-06,tiktok,19513
2026-09-07,spotify,17998
2026-09-07,youtube,10286
2026-09-07,twitch,4058
2026-09-07,kick,1541
2026-09-07,tiktok,19528
2026-09-08,spotify,17945
2026-09-08,youtube,10291
2026-09-08,twitch,4096
2026-09-08,kick,1544
2026-09-08,tiktok,19533
2026-09-09,spotify,17892
2026-09-09,youtube,10299
2026-09-09,twitch,4129
2026-09-09,kick,1546
2026-09-09,tiktok,19548
2026-09-10,spotify,17804
2026-09-10,youtube,10304
2026-09-10,twitch,4151
2026-09-10,kick,1550
2026-09-10,tiktok,19542
2026-09-11,spotify,17813
2026-09-11,youtube,10309
2026-09-11,twitch,4175
2026-09-11,kick,1551
2026-09-11,tiktok,19551
2026-09-12,spotify,17865
2026-09-12,youtube,10315
2026-09-12,twitch,4195
2026-09-12,kick,1550
2026-09-12,tiktok,19533
2026-09-13,spotify,17913
2026-09-13,youtube,10318
2026-09-13,twitch,4209
2026-09-13,kick,1554
2026-09-13,tiktok,19564
2026-09-14,spotify,17926
2026-09-14,youtube,10326
2026-09-14,twitch,4219
2026-09-14,kick,1559
2026-09-14,tiktok,19576
2026-09-15,spotify,17990
2026-09-15,youtube,10338
2026-09-15,twitch,4231
2026-09-15,kick,1560
2026-09-15,tiktok,19968
2026-09-16,spotify,18010
2026-09-16,youtube,10345
2026-09-16,twitch,4239
2026-09-16,kick,1560
2026-09-16,tiktok,20284
2026-09-17,spotify,18048
2026-09-17,youtube,10353
2026-09-17,twitch,4245
2026-09-17,kick,1565
2026-09-17,tiktok,20560
2026-09-18,spotify,18045
2026-09-18,youtube,10358
2026-09-18,twitch,4255
2026-09-18,kick,1568
2026-09-18,tiktok,20773
2026-09-19,spotify,18085
2026-09-19,youtube,10364
2026-09-19,twitch,4263
2026-09-19,kick,1570
2026-09-19,tiktok,20947
2026-09-20,spotify,18119
2026-09-20,youtube,10375
2026-09-20,twitch,4268
2026-09-20,kick,1572
2026-09-20,tiktok,21098
2026-09-21,spotify,18202
2026-09-21,youtube,10384
2026-09-21,twitch,4270
2026-09-21,kick,1575
2026-09-21,tiktok,21204
2026-09-22,spotify,18209
2026-09-22,youtube,10394
2026-09-22,twitch,4275
2026-09-22,kick,1579
2026-09-22,tiktok,21302
2026-09-23,spotify,18199
2026-09-23,youtube,10405
2026-09-23,twitch,4282
2026-09-23,kick,1580
2026-09-23,tiktok,21368
2026-09-24,spotify,18236
2026-09-24,youtube,10415
2026-09-24,twitch,4288
2026-09-24,kick,1584
2026-09-24,tiktok,21432
2026-09-25,spotify,18180
2026-09-25,youtube,10418
2026-09-25,twitch,4292
2026-09-25,kick,1584
2026-09-25,tiktok,21501
2026-09-26,spotify,18213
2026-09-26,youtube,10421
2026-09-26,twitch,4299
2026-09-26,kick,1585
2026-09-26,tiktok,21550
2026-09-27,spotify,18275
2026-09-27,youtube,10426
2026-09-27,twitch,4308
2026-09-27,kick,1585
2026-09-27,tiktok,21596
2026-09-28,spotify,18301
2026-09-28,youtube,10435
2026-09-28,twitch,4313
2026-09-28,kick,1585
2026-09-28,tiktok,21616
2026-09-29,spotify,18283
2026-09-29,youtube,10437
2026-09-29,twitch,4317
2026-09-29,kick,1586
2026-09-29,tiktok,21641
2026-09-30,spotify,18274
2026-09-30,youtube,10442
2026-09-30,twitch,4322
2026-09-30,kick,1591
2026-09-30,tiktok,21666
