published_date,platform,content_type,title,views
2026-04-04,tiktok,short,POV: the hook finally lands,6695
2026-04-05,twitch,stream,Beat-making stream #1,90
2026-04-06,youtube,video,"How I mix vocals at home, start to finish",2436
2026-04-06,tiktok,short,Turning a fan comment into a beat,9246
2026-04-08,twitch,stream,Beat-making stream #2,127
2026-04-08,kick,stream,"Production Q&A, live #1",29
2026-04-08,tiktok,short,"3 sounds, 1 beat, 60 seconds",3739
2026-04-09,spotify,release,Neon Psalm,14743
2026-04-10,tiktok,short,Rating my first songs (be nice),3142
2026-04-11,twitch,stream,Beat-making stream #3,58
2026-04-12,tiktok,short,This chord does something to me,5034
2026-04-13,youtube,video,Studio vlog: a week of nothing working,2184
2026-04-14,twitch,stream,Beat-making stream #4,101
2026-04-14,tiktok,short,Before vs. after the mix,5998
2026-04-15,kick,stream,"Production Q&A, live #2",59
2026-04-16,tiktok,short,Guess the sample,6661
2026-04-17,twitch,stream,Beat-making stream #5,90
2026-04-18,tiktok,short,Making a beat on the train,6210
2026-04-20,youtube,video,Flipping a 1970s sample into a beat,1886
2026-04-20,twitch,stream,Beat-making stream #6,71
2026-04-20,tiktok,short,The car test,7790
2026-04-22,kick,stream,"Production Q&A, live #3",30
2026-04-22,tiktok,short,"Finishing your lyrics, live",6805
2026-04-23,twitch,stream,"Chill stream: lo-fi, chat, and your demos",94
2026-04-24,tiktok,short,"POV: the hook finally lands, pt. 2",7258
2026-04-26,twitch,stream,Beat-making stream #8,54
2026-04-26,tiktok,short,"Turning a fan comment into a beat, pt. 2",8041
2026-04-27,spotify,release,"Cold Coffee, Warm Hands",12742
2026-04-27,youtube,video,Gear tour (it's mostly cables),1819
2026-04-28,tiktok,short,"3 sounds, 1 beat, 60 seconds, pt. 2",5398
2026-04-29,twitch,stream,Beat-making stream #9,73
2026-04-29,kick,stream,"Production Q&A, live #4",35
2026-04-30,tiktok,short,"Rating my first songs (be nice), pt. 2",9012
2026-05-02,twitch,stream,Beat-making stream #10,99
2026-05-02,tiktok,short,"This chord does something to me, pt. 2",5816
2026-05-04,youtube,video,"Reacting to your covers of ""Neon Psalm""",3021
2026-05-04,tiktok,short,"Before vs. after the mix, pt. 2",7733
2026-05-05,twitch,stream,Beat-making stream #11,69
2026-05-06,kick,stream,"Production Q&A, live #5",47
2026-05-06,tiktok,short,"Guess the sample, pt. 2",7648
2026-05-08,twitch,stream,Beat-making stream #12,74
2026-05-08,tiktok,short,"Making a beat on the train, pt. 2",4680
2026-05-10,tiktok,short,"The car test, pt. 2",7163
2026-05-11,youtube,video,Writing a hook in 20 minutes,3894
2026-05-11,twitch,stream,Beat-making stream #13,81
2026-05-12,tiktok,short,"Finishing your lyrics, live, pt. 2",5117
2026-05-13,kick,stream,"Production Q&A, live #6",45
2026-05-14,twitch,stream,"Chill stream: lo-fi, chat, and your demos",87
2026-05-14,tiktok,short,POV: you hum a melody and I finish the song,50412
2026-05-15,spotify,release,Tidewater,14996
2026-05-16,tiktok,short,"POV: the hook finally lands, pt. 3",9893
2026-05-17,twitch,stream,Beat-making stream #15,49
2026-05-18,youtube,video,Why my old songs sound like that,4307
2026-05-18,tiktok,short,"Turning a fan comment into a beat, pt. 3",6057
2026-05-20,twitch,stream,Beat-making stream #16,107
2026-05-20,kick,stream,"Production Q&A, live #7",51
2026-05-20,tiktok,short,"3 sounds, 1 beat, 60 seconds, pt. 3",5625
2026-05-22,tiktok,short,"Rating my first songs (be nice), pt. 3",5954
2026-05-23,twitch,stream,Beat-making stream #17,61
2026-05-24,tiktok,short,"This chord does something to me, pt. 3",4623
2026-05-25,youtube,video,Making drums from kitchen sounds,3144
2026-05-26,twitch,stream,Beat-making stream #18,78
2026-05-26,tiktok,short,"Before vs. after the mix, pt. 3",7073
2026-05-27,kick,stream,"Production Q&A, live #8",64
2026-05-28,tiktok,short,"Guess the sample, pt. 3",8513
2026-05-29,twitch,stream,Beat-making stream #19,90
2026-05-30,tiktok,short,"Making a beat on the train, pt. 3",9633
2026-06-01,youtube,video,"Q&A: ""how do you actually finish songs?""",1667
2026-06-01,twitch,stream,Beat-making stream #20,88
2026-06-01,tiktok,short,"The car test, pt. 3",9672
2026-06-02,spotify,release,Static Bloom,13216
2026-06-03,kick,stream,"Production Q&A, live #9",70
2026-06-03,tiktok,short,"Finishing your lyrics, live, pt. 3",8023
2026-06-04,twitch,stream,"Chill stream: lo-fi, chat, and your demos",79
2026-06-05,tiktok,short,"POV: the hook finally lands, pt. 4",5670
2026-06-07,twitch,stream,Beat-making stream #22,88
2026-06-07,tiktok,short,"Turning a fan comment into a beat, pt. 4",6145
2026-06-08,youtube,video,"How I mix vocals at home, start to finish, pt. 2",1935
2026-06-09,tiktok,short,"3 sounds, 1 beat, 60 seconds, pt. 4",8297
2026-06-10,twitch,stream,Beat-making stream #23,119
2026-06-10,kick,stream,"Production Q&A, live #10",39
2026-06-11,tiktok,short,"Rating my first songs (be nice), pt. 4",10701
2026-06-13,twitch,stream,Beat-making stream #24,68
2026-06-13,tiktok,short,"This chord does something to me, pt. 4",7010
2026-06-15,youtube,video,"Studio vlog: a week of nothing working, pt. 2",2456
2026-06-15,tiktok,short,"Before vs. after the mix, pt. 4",7505
2026-06-16,twitch,stream,Beat-making stream #25,108
2026-06-17,kick,stream,"Production Q&A, live #11",47
2026-06-17,tiktok,short,"Guess the sample, pt. 4",6191
2026-06-19,twitch,stream,Beat-making stream #26,74
2026-06-19,tiktok,short,"Making a beat on the train, pt. 4",7794
2026-06-20,spotify,release,Paper Moons,6454
2026-06-21,tiktok,short,"The car test, pt. 4",5105
2026-06-22,youtube,video,"Flipping a 1970s sample into a beat, pt. 2",2094
2026-06-22,twitch,stream,Beat-making stream #27,159
2026-06-23,tiktok,short,"Finishing your lyrics, live, pt. 4",9070
2026-06-24,kick,stream,"Production Q&A, live #12",53
2026-06-25,twitch,stream,"Chill stream: lo-fi, chat, and your demos",69
2026-06-25,tiktok,short,"POV: the hook finally lands, pt. 5",7213
2026-06-27,tiktok,short,"Turning a fan comment into a beat, pt. 5",4971
2026-06-28,twitch,stream,Beat-making stream #29,84
2026-06-29,youtube,video,"Gear tour (it's mostly cables), pt. 2",1304
2026-06-29,tiktok,short,"3 sounds, 1 beat, 60 seconds, pt. 5",5908
2026-07-01,twitch,stream,Beat-making stream #30,94
2026-07-01,kick,stream,"Production Q&A, live #13",42
2026-07-01,tiktok,short,"Rating my first songs (be nice), pt. 5",8368
2026-07-03,tiktok,short,"This chord does something to me, pt. 5",6490
2026-07-04,twitch,stream,Beat-making stream #31,94
2026-07-05,tiktok,short,"Before vs. after the mix, pt. 5",7508
2026-07-06,youtube,video,"Reacting to your covers of ""Neon Psalm"", pt. 2",3547
2026-07-07,twitch,stream,Beat-making stream #32,80
2026-07-07,tiktok,short,"Guess the sample, pt. 5",9016
2026-07-08,spotify,release,Low Battery,9727
2026-07-08,kick,stream,"Album listening party, every track, no skips",185
2026-07-09,tiktok,short,"Making a beat on the train, pt. 5",7527
2026-07-10,twitch,stream,Beat-making stream #33,86
2026-07-11,tiktok,short,"The car test, pt. 5",6201
2026-07-13,youtube,video,"Writing a hook in 20 minutes, pt. 2",1674
2026-07-13,twitch,stream,Beat-making stream #34,103
2026-07-13,tiktok,short,"Finishing your lyrics, live, pt. 5",9712
2026-07-15,kick,stream,"Production Q&A, live #14",40
2026-07-15,tiktok,short,"POV: the hook finally lands, pt. 6",6014
2026-07-16,twitch,stream,"Chill stream: lo-fi, chat, and your demos",61
2026-07-17,tiktok,short,"Turning a fan comment into a beat, pt. 6",6736
2026-07-19,twitch,stream,Beat-making stream #36,103
2026-07-19,tiktok,short,"3 sounds, 1 beat, 60 seconds, pt. 6",6001
2026-07-20,youtube,video,"Why my old songs sound like that, pt. 2",2679
2026-07-21,tiktok,short,"Rating my first songs (be nice), pt. 6",6428
2026-07-22,twitch,stream,Beat-making stream #37,125
2026-07-22,kick,stream,"Production Q&A, live #15",54
2026-07-23,tiktok,short,"This chord does something to me, pt. 6",7819
2026-07-25,twitch,stream,Beat-making stream #38,88
2026-07-25,tiktok,short,"Before vs. after the mix, pt. 6",5402
2026-07-26,spotify,release,Glass Houses,45546
2026-07-27,youtube,video,"Making drums from kitchen sounds, pt. 2",2541
2026-07-27,tiktok,short,"Guess the sample, pt. 6",6420
2026-07-28,twitch,stream,Beat-making stream #39,76
2026-07-29,kick,stream,"Production Q&A, live #16",65
2026-07-29,tiktok,short,"Making a beat on the train, pt. 6",8256
2026-07-31,twitch,stream,Beat-making stream #40,104
2026-07-31,tiktok,short,"The car test, pt. 6",6207
2026-08-02,tiktok,short,"Finishing your lyrics, live, pt. 6",8244
2026-08-03,youtube,video,"Q&A: ""how do you actually finish songs?"", pt. 2",3696
2026-08-03,twitch,stream,Beat-making stream #41,86
2026-08-04,tiktok,short,"POV: the hook finally lands, pt. 7",8135
2026-08-05,kick,stream,"Production Q&A, live #17",51
2026-08-06,twitch,stream,"Chill stream: lo-fi, chat, and your demos",72
2026-08-06,tiktok,short,"Turning a fan comment into a beat, pt. 7",5506
2026-08-08,tiktok,short,"3 sounds, 1 beat, 60 seconds, pt. 7",10802
2026-08-09,twitch,stream,Beat-making stream #43,67
2026-08-10,youtube,video,I made a beat using only subway sounds,12947
2026-08-10,tiktok,short,"Rating my first songs (be nice), pt. 7",4676
2026-08-12,twitch,stream,Beat-making stream #44,76
2026-08-12,kick,stream,"Production Q&A, live #18",38
2026-08-12,tiktok,short,"This chord does something to me, pt. 7",6843
2026-08-13,spotify,release,Rooftop Static,14403
2026-08-14,tiktok,short,"Before vs. after the mix, pt. 7",5045
2026-08-15,twitch,stream,Beat-making stream #45,95
2026-08-16,tiktok,short,"Guess the sample, pt. 7",5339
2026-08-17,youtube,video,"How I mix vocals at home, start to finish, pt. 3",2393
2026-08-18,twitch,stream,Beat-making stream #46,57
2026-08-18,tiktok,short,"Making a beat on the train, pt. 7",9996
2026-08-19,kick,stream,"Production Q&A, live #19",37
2026-08-20,tiktok,short,"The car test, pt. 7",6014
2026-08-21,twitch,stream,Beat-making stream #47,137
2026-08-22,tiktok,short,"Finishing your lyrics, live, pt. 7",3930
2026-08-24,youtube,video,"Studio vlog: a week of nothing working, pt. 3",2181
2026-08-24,twitch,stream,Beat-making stream #48,125
2026-08-24,tiktok,short,"POV: the hook finally lands, pt. 8",7198
2026-08-26,kick,stream,"Production Q&A, live #20",52
2026-08-26,tiktok,short,"Turning a fan comment into a beat, pt. 8",8924
2026-08-27,twitch,stream,"Chill stream: lo-fi, chat, and your demos",92
2026-08-28,tiktok,short,"3 sounds, 1 beat, 60 seconds, pt. 8",5520
2026-08-30,twitch,stream,Beat-making stream #50,116
2026-08-30,tiktok,short,"Rating my first songs (be nice), pt. 8",7212
2026-08-31,spotify,release,"Ghost Notes, Pt. 2",8676
2026-08-31,youtube,video,"Flipping a 1970s sample into a beat, pt. 3",3371
2026-09-01,tiktok,short,"This chord does something to me, pt. 8",3507
2026-09-02,twitch,stream,"24-hour charity stream, part 1",371
2026-09-02,kick,stream,"Production Q&A, live #21",32
2026-09-03,tiktok,short,"Before vs. after the mix, pt. 8",5371
2026-09-05,twitch,stream,Beat-making stream #51,128
2026-09-05,tiktok,short,"Guess the sample, pt. 8",6762
2026-09-07,youtube,video,"Gear tour (it's mostly cables), pt. 3",3353
2026-09-07,tiktok,short,"Making a beat on the train, pt. 8",5798
2026-09-08,twitch,stream,Beat-making stream #52,63
2026-09-09,kick,stream,"Production Q&A, live #22",36
2026-09-09,tiktok,short,"The car test, pt. 8",5150
2026-09-11,twitch,stream,Beat-making stream #53,139
2026-09-11,tiktok,short,"Finishing your lyrics, live, pt. 8",7498
2026-09-13,tiktok,short,"POV: the hook finally lands, pt. 9",11299
2026-09-14,youtube,video,"Reacting to your covers of ""Neon Psalm"", pt. 3",2417
2026-09-14,twitch,stream,Beat-making stream #54,57
2026-09-15,tiktok,short,"Fan duet: ""Glass Houses"", acoustic",48055
2026-09-16,kick,stream,"Production Q&A, live #23",52
2026-09-17,twitch,stream,Beat-making stream #55,77
2026-09-17,tiktok,short,"Turning a fan comment into a beat, pt. 9",6958
2026-09-18,spotify,release,Northbound,20034
2026-09-19,tiktok,short,"3 sounds, 1 beat, 60 seconds, pt. 9",10565
2026-09-20,twitch,stream,"Chill stream: lo-fi, chat, and your demos",125
2026-09-21,youtube,video,"Writing a hook in 20 minutes, pt. 3",2443
2026-09-21,tiktok,short,"Rating my first songs (be nice), pt. 9",9445
2026-09-23,twitch,stream,Beat-making stream #57,131
2026-09-23,kick,stream,"Production Q&A, live #24",38
2026-09-23,tiktok,short,"This chord does something to me, pt. 9",6891
2026-09-25,tiktok,short,"Before vs. after the mix, pt. 9",6150
2026-09-26,twitch,stream,Beat-making stream #58,180
2026-09-27,tiktok,short,"Guess the sample, pt. 9",7226
2026-09-28,youtube,video,"Why my old songs sound like that, pt. 3",1633
2026-09-29,twitch,stream,Beat-making stream #59,71
2026-09-29,tiktok,short,"Making a beat on the train, pt. 9",5192
2026-09-30,kick,stream,"Production Q&A, live #25",58
